Geo_FIPS,Geo_GEOID,Geo_NAME,Geo_QName,Geo_STUSAB,Geo_SUMLEV,Geo_GEOCOMP,Geo_FILEID,Geo_LOGRECNO,Geo_US,Geo_REGION,Geo_DIVISION,Geo_STATECE,Geo_STATE,Geo_COUNTY,Geo_COUSUB,Geo_PLACE,Geo_PLACESE,Geo_TRACT,Geo_BLKGRP,Geo_CONCIT,Geo_AIANHH,Geo_AIANHHFP,Geo_AIHHTLI,Geo_AITSCE,Geo_AITS,Geo_ANRC,Geo_CBSA,Geo_CSA,Geo_METDIV,Geo_MACC,Geo_MEMI,Geo_NECTA,Geo_CNECTA,Geo_NECTADIV,Geo_UA,Geo_UACP,Geo_CDCURR,Geo_SLDU,Geo_SLDL,Geo_VTD,Geo_ZCTA3,Geo_ZCTA5,Geo_SUBMCD,Geo_SDELM,Geo_SDSEC,Geo_SDUNI,Geo_UR,Geo_PCI,Geo_TAZ,Geo_UGA,Geo_BTTR,Geo_BTBG,Geo_PUMA5,Geo_PUMA1,SE_A12003A_001,SE_A12003A_002,SE_A12003A_003,SE_A12003B_001,SE_A12003B_002,SE_A12003B_003,SE_A17005A_001,SE_A17005A_002,SE_A17005A_003,SE_A17005B_001,SE_A17005B_002,SE_A17005B_003,SE_A17006A_001,SE_A17006A_002,SE_A17006A_003,SE_A17006B_001,SE_A17006B_002,SE_A17006B_003,SE_A17006C_001,SE_A17006C_002,SE_A17006C_003,SE_A17006D_001,SE_A17006D_002,SE_A17006D_003,SE_A17006H_001,SE_A17006H_002,SE_A17006H_003
"36001","05000US36001","Albany County, New York","Albany County, New York","ny","050","00","ACSSF","0000013",,,,,"36","001",,,,,,,,,,,,,,,,,,,,,,,,,,,,,,,,,,,,,,,,,9999,320,9679,10111,181,9930,84727,79997,4730,83101,78964,4137,133324,127730,5594,18941,16805,2136,263,231,32,9579,8972,607,8364,7723,641
"36003","05000US36003","Allegany County, New York","Allegany County, New York","ny","050","00","ACSSF","0000014",,,,,"36","003",,,,,,,,,,,,,,,,,,,,,,,,,,,,,,,,,,,,,,,,,2222,98,2124,1967,108,1859,11583,10474,1109,10145,9658,487,20740,19253,1487,340,312,28,80,80,0,289,255,34,284,263,21
"36005","05000US36005","Bronx County, New York","Bronx County, New York","ny","050","00","ACSSF","0000015",,,,,"36","005",,,,,,,,,,,,,,,,,,,,,,,,,,,,,,,,,,,,,,,,,41703,3146,38557,39246,2027,37219,333355,293685,39670,338410,300173,38237,137146,124220,12926,233236,202758,30478,4499,3892,607,25883,23705,2178,366676,323758,42918
"36007","05000US36007","Broome County, New York","Broome County, New York","ny","050","00","ACSSF","0000016",,,,,"36","007",,,,,,,,,,,,,,,,,,,,,,,,,,,,,,,,,,,,,,,,,6709,161,6548,6679,130,6549,49263,45159,4104,44859,42206,2653,83287,78059,5228,4936,4113,823,203,156,47,3418,3142,276,2876,2558,318
"36009","05000US36009","Cattaraugus County, New York","Cattaraugus County, New York","ny","050","00","ACSSF","0000017",,,,,"36","009",,,,,,,,,,,,,,,,,,,,,,,,,,,,,,,,,,,,,,,,,2218,159,2059,2096,141,1955,18892,17442,1450,17362,16290,1072,34141,31913,2228,382,290,92,874,738,136,323,299,24,483,459,24
"36011","05000US36011","Cayuga County, New York","Cayuga County, New York","ny","050","00","ACSSF","0000018",,,,,"36","011",,,,,,,,,,,,,,,,,,,,,,,,,,,,,,,,,,,,,,,,,2128,211,1917,1933,86,1847,20704,19373,1331,18832,17823,1009,37514,35420,2094,855,760,95,118,90,28,191,185,6,814,760,54
"36013","05000US36013","Chautauqua County, New York","Chautauqua County, New York","ny","050","00","ACSSF","0000019",,,,,"36","013",,,,,,,,,,,,,,,,,,,,,,,,,,,,,,,,,,,,,,,,,3997,280,3717,3724,153,3571,32038,29196,2842,29073,27220,1853,58097,53872,4225,1104,959,145,191,160,31,309,299,10,3465,2787,678
"36015","05000US36015","Chemung County, New York","Chemung County, New York","ny","050","00","ACSSF","0000020",,,,,"36","015",,,,,,,,,,,,,,,,,,,,,,,,,,,,,,,,,,,,,,,,,2129,160,1969,2256,75,2181,20244,19020,1224,19613,18706,907,36498,34735,1763,1513,1311,202,101,101,0,680,658,22,702,659,43
"36017","05000US36017","Chenango County, New York","Chenango County, New York","ny","050","00","ACSSF","0000021",,,,,"36","017",,,,,,,,,,,,,,,,,,,,,,,,,,,,,,,,,,,,,,,,,1167,61,1106,1218,78,1140,12170,11278,892,11050,10387,663,22421,20928,1493,185,184,1,97,70,27,129,129,0,505,476,29
"36019","05000US36019","Clinton County, New York","Clinton County, New York","ny","050","00","ACSSF","0000022",,,,,"36","019",,,,,,,,,,,,,,,,,,,,,,,,,,,,,,,,,,,,,,,,,2477,56,2421,2863,34,2829,19659,18626,1033,18645,17465,1180,36290,34396,1894,731,598,133,44,42,2,504,473,31,619,514,105
"36021","05000US36021","Columbia County, New York","Columbia County, New York","ny","050","00","ACSSF","0000023",,,,,"36","021",,,,,,,,,,,,,,,,,,,,,,,,,,,,,,,,,,,,,,,,,1488,161,1327,1157,46,1111,16697,15851,846,15047,14313,734,28914,27523,1391,1310,1215,95,12,12,0,541,529,12,1186,1143,43
"36023","05000US36023","Cortland County, New York","Cortland County, New York","ny","050","00","ACSSF","0000024",,,,,"36","023",,,,,,,,,,,,,,,,,,,,,,,,,,,,,,,,,,,,,,,,,1904,40,1864,2134,33,2101,12975,12141,834,12536,12110,426,24401,23171,1230,468,463,5,56,56,0,118,111,7,828,743,85
"36025","05000US36025","Delaware County, New York","Delaware County, New York","ny","050","00","ACSSF","0000025",,,,,"36","025",,,,,,,,,,,,,,,,,,,,,,,,,,,,,,,,,,,,,,,,,1761,15,1746,1517,43,1474,11538,10680,858,9896,9239,657,20618,19184,1434,270,230,40,37,36,1,133,128,5,581,548,33
"36027","05000US36027","Dutchess County, New York","Dutchess County, New York","ny","050","00","ACSSF","0000026",,,,,"36","027",,,,,,,,,,,,,,,,,,,,,,,,,,,,,,,,,,,,,,,,,9394,362,9032,9185,225,8960,81330,75448,5882,73931,69486,4445,124929,117645,7284,15371,13420,1951,500,492,8,5778,5398,380,16686,15326,1360
"36029","05000US36029","Erie County, New York","Erie County, New York","ny","050","00","ACSSF","0000027",,,,,"36","029",,,,,,,,,,,,,,,,,,,,,,,,,,,,,,,,,,,,,,,,,24374,1000,23374,24180,764,23416,240557,225936,14621,233873,222456,11417,390981,373936,17045,53376,46544,6832,1815,1563,252,13555,13142,413,18735,17289,1446
"36031","05000US36031","Essex County, New York","Essex County, New York","ny","050","00","ACSSF","0000028",,,,,"36","031",,,,,,,,,,,,,,,,,,,,,,,,,,,,,,,,,,,,,,,,,1006,53,953,764,45,719,9598,8754,844,9198,8790,408,18269,17181,1088,45,39,6,16,16,0,70,66,4,301,172,129
"36033","05000US36033","Franklin County, New York","Franklin County, New York","ny","050","00","ACSSF","0000029",,,,,"36","033",,,,,,,,,,,,,,,,,,,,,,,,,,,,,,,,,,,,,,,,,1367,145,1222,1087,45,1042,11542,10607,935,10202,9353,849,19617,18417,1200,220,144,76,1194,747,447,131,131,0,407,365,42
"36035","05000US36035","Fulton County, New York","Fulton County, New York","ny","050","00","ACSSF","0000030",,,,,"36","035",,,,,,,,,,,,,,,,,,,,,,,,,,,,,,,,,,,,,,,,,1282,166,1116,1099,187,912,13945,12756,1189,12296,11483,813,25147,23261,1886,362,319,43,53,53,0,207,200,7,613,545,68
"36037","05000US36037","Genesee County, New York","Genesee County, New York","ny","050","00","ACSSF","0000031",,,,,"36","037",,,,,,,,,,,,,,,,,,,,,,,,,,,,,,,,,,,,,,,,,1502,48,1454,1497,68,1429,16172,15349,823,14808,14037,771,28860,27407,1453,854,795,59,328,292,36,182,182,0,849,734,115
"36039","05000US36039","Greene County, New York","Greene County, New York","ny","050","00","ACSSF","0000032",,,,,"36","039",,,,,,,,,,,,,,,,,,,,,,,,,,,,,,,,,,,,,,,,,1211,385,826,1115,73,1042,11278,10489,789,10064,9520,544,19889,18782,1107,726,714,12,75,11,64,190,190,0,928,809,119
"36041","05000US36041","Hamilton County, New York","Hamilton County, New York","ny","050","00","ACSSF","0000033",,,,,"36","041",,,,,,,,,,,,,,,,,,,,,,,,,,,,,,,,,,,,,,,,,112,0,112,96,0,96,1204,1098,106,1039,893,146,2152,1902,250,0,0,0,0,0,0,0,0,0,13,13,0
"36043","05000US36043","Herkimer County, New York","Herkimer County, New York","ny","050","00","ACSSF","0000034",,,,,"36","043",,,,,,,,,,,,,,,,,,,,,,,,,,,,,,,,,,,,,,,,,1784,182,1602,1497,75,1422,16293,14906,1387,14916,13744,1172,30258,27806,2452,284,228,56,71,66,5,174,168,6,554,505,49
"36045","05000US36045","Jefferson County, New York","Jefferson County, New York","ny","050","00","ACSSF","0000035",,,,,"36","045",,,,,,,,,,,,,,,,,,,,,,,,,,,,,,,,,,,,,,,,,3260,141,3119,2558,109,2449,24978,22890,2088,23792,21993,1799,44067,40751,3316,2253,1932,321,336,319,17,746,714,32,2195,2022,173
"36047","05000US36047","Kings County, New York","Kings County, New York","ny","050","00","ACSSF","0000036",,,,,"36","047",,,,,,,,,,,,,,,,,,,,,,,,,,,,,,,,,,,,,,,,,59554,2518,57036,57743,1875,55868,664280,607864,56416,660672,610112,50560,587574,552184,35390,429699,381506,48193,4257,3790,467,161881,151156,10725,239103,215637,23466
"36049","05000US36049","Lewis County, New York","Lewis County, New York","ny","050","00","ACSSF","0000037",,,,,"36","049",,,,,,,,,,,,,,,,,,,,,,,,,,,,,,,,,,,,,,,,,647,37,610,620,54,566,7030,6391,639,5776,5447,329,12463,11527,936,58,51,7,9,9,0,48,35,13,247,214,33
"36051","05000US36051","Livingston County, New York","Livingston County, New York","ny","050","00","ACSSF","0000038",,,,,"36","051",,,,,,,,,,,,,,,,,,,,,,,,,,,,,,,,,,,,,,,,,2415,102,2313,2579,90,2489,15751,14915,836,15124,14475,649,29522,28165,1357,319,295,24,32,23,9,341,331,10,874,777,97
"36053","05000US36053","Madison County, New York","Madison County, New York","ny","050","00","ACSSF","0000039",,,,,"36","053",,,,,,,,,,,,,,,,,,,,,,,,,,,,,,,,,,,,,,,,,2582,84,2498,2884,39,2845,18343,17535,808,16839,16105,734,33739,32222,1517,572,572,0,221,218,3,204,193,11,670,657,13
"36055","05000US36055","Monroe County, New York","Monroe County, New York","ny","050","00","ACSSF","0000040",,,,,"36","055",,,,,,,,,,,,,,,,,,,,,,,,,,,,,,,,,,,,,,,,,22191,715,21476,20521,592,19929,198840,184788,14052,194935,183071,11864,311913,296420,15493,51066,43463,7603,1580,1369,211,13930,13192,738,27897,24601,3296
"36057","05000US36057","Montgomery County, New York","Montgomery County, New York","ny","050","00","ACSSF","0000041",,,,,"36","057",,,,,,,,,,,,,,,,,,,,,,,,,,,,,,,,,,,,,,,,,1099,66,1033,1162,84,1078,12340,11411,929,11356,10545,811,21156,19694,1462,312,289,23,4,4,0,143,126,17,2824,2439,385
"36059","05000US36059","Nassau County, New York","Nassau County, New York","ny","050","00","ACSSF","0000042",,,,,"36","059",,,,,,,,,,,,,,,,,,,,,,,,,,,,,,,,,,,,,,,,,37276,853,36423,35542,411,35131,377064,358255,18809,340416,323808,16608,493566,471174,22392,85512,79161,6351,1572,1493,79,64712,62265,2447,120348,113950,6398
"36061","05000US36061","New York County, New York","New York County, New York","ny","050","00","ACSSF","0000043",,,,,"36","061",,,,,,,,,,,,,,,,,,,,,,,,,,,,,,,,,,,,,,,,,27324,1104,26220,31992,898,31094,488942,457598,31344,477218,448791,28427,598486,572897,25589,115602,100648,14954,2583,2333,250,116548,111220,5328,212142,190037,22105
"36063","05000US36063","Niagara County, New York","Niagara County, New York","ny","050","00","ACSSF","0000044",,,,,"36","063",,,,,,,,,,,,,,,,,,,,,,,,,,,,,,,,,,,,,,,,,5863,164,5699,4960,48,4912,55227,51200,4027,52454,49790,2664,97151,91674,5477,6408,5663,745,891,775,116,1054,934,120,2320,2037,283
"36065","05000US36065","Oneida County, New York","Oneida County, New York","ny","050","00","ACSSF","0000045",,,,,"36","065",,,,,,,,,,,,,,,,,,,,,,,,,,,,,,,,,,,,,,,,,6381,289,6092,5989,272,5717,56381,52594,3787,53070,50295,2775,96916,91955,4961,5427,4613,814,213,201,12,3775,3446,329,4240,3547,693
"36067","05000US36067","Onondaga County, New York","Onondaga County, New York","ny","050","00","ACSSF","0000046",,,,,"36","067",,,,,,,,,,,,,,,,,,,,,,,,,,,,,,,,,,,,,,,,,13888,514,13374,14918,309,14609,121259,113231,8028,117201,109976,7225,199441,189293,10148,22627,19129,3498,1153,1000,153,7374,6830,544,9538,8356,1182
"36069","05000US36069","Ontario County, New York","Ontario County, New York","ny","050","00","ACSSF","0000047",,,,,"36","069",,,,,,,,,,,,,,,,,,,,,,,,,,,,,,,,,,,,,,,,,2999,125,2874,3015,63,2952,29562,28074,1488,27540,26324,1216,53607,51326,2281,1206,1064,142,223,220,3,709,709,0,2151,1790,361
"36071","05000US36071","Orange County, New York","Orange County, New York","ny","050","00","ACSSF","0000048",,,,,"36","071",,,,,,,,,,,,,,,,,,,,,,,,,,,,,,,,,,,,,,,,,12198,535,11663,10771,346,10425,97996,92365,5631,87150,82405,4745,138187,130938,7249,19709,18320,1389,659,609,50,5424,5158,266,36077,33677,2400
"36073","05000US36073","Orleans County, New York","Orleans County, New York","ny","050","00","ACSSF","0000049",,,,,"36","073",,,,,,,,,,,,,,,,,,,,,,,,,,,,,,,,,,,,,,,,,1105,91,1014,916,135,781,10210,9529,681,9014,8447,567,17654,16511,1143,777,742,35,61,61,0,194,194,0,747,628,119
"36075","05000US36075","Oswego County, New York","Oswego County, New York","ny","050","00","ACSSF","0000050",,,,,"36","075",,,,,,,,,,,,,,,,,,,,,,,,,,,,,,,,,,,,,,,,,3890,182,3708,3903,113,3790,30943,27994,2949,27289,25217,2072,56179,51445,4734,554,454,100,53,48,5,447,413,34,1102,925,177
"36077","05000US36077","Otsego County, New York","Otsego County, New York","ny","050","00","ACSSF","0000051",,,,,"36","077",,,,,,,,,,,,,,,,,,,,,,,,,,,,,,,,,,,,,,,,,2374,121,2253,2904,79,2825,15431,14162,1269,15163,14383,780,28934,27033,1901,493,452,41,49,41,8,455,429,26,1032,957,75
"36079","05000US36079","Putnam County, New York","Putnam County, New York","ny","050","00","ACSSF","0000052",,,,,"36","079",,,,,,,,,,,,,,,,,,,,,,,,,,,,,,,,,,,,,,,,,2762,52,2710,2632,22,2610,28762,27006,1756,25939,24769,1170,49118,46512,2606,1079,943,136,216,181,35,1259,1259,0,7326,6875,451
"36081","05000US36081","Queens County, New York","Queens County, New York","ny","050","00","ACSSF","0000053",,,,,"36","081",,,,,,,,,,,,,,,,,,,,,,,,,,,,,,,,,,,,,,,,,50154,1750,48404,47053,1376,45677,653667,608518,45149,573856,533845,40011,487612,460129,27483,227072,203747,23325,4584,4033,551,308153,289865,18288,345146,322207,22939
"36083","05000US36083","Rensselaer County, New York","Rensselaer County, New York","ny","050","00","ACSSF","0000054",,,,,"36","083",,,,,,,,,,,,,,,,,,,,,,,,,,,,,,,,,,,,,,,,,5039,213,4826,4004,115,3889,44867,41999,2868,40561,38469,2092,75890,72026,3864,4797,4142,655,125,121,4,1935,1807,128,3300,3130,170
"36085","05000US36085","Richmond County, New York","Richmond County, New York","ny","050","00","ACSSF","0000055",,,,,"36","085",,,,,,,,,,,,,,,,,,,,,,,,,,,,,,,,,,,,,,,,,12357,399,11958,11515,295,11220,118517,111528,6989,106180,100725,5455,171144,162218,8926,21150,19547,1603,461,461,0,20387,19420,967,38041,35707,2334
"36087","05000US36087","Rockland County, New York","Rockland County, New York","ny","050","00","ACSSF","0000056",,,,,"36","087",,,,,,,,,,,,,,,,,,,,,,,,,,,,,,,,,,,,,,,,,9595,401,9194,9097,276,8821,84680,78708,5972,75227,71160,4067,107989,101723,6266,22591,20784,1807,356,329,27,11212,10822,390,29483,27066,2417
"36089","05000US36089","St. Lawrence County, New York","St. Lawrence County, New York","ny","050","00","ACSSF","0000057",,,,,"36","089",,,,,,,,,,,,,,,,,,,,,,,,,,,,,,,,,,,,,,,,,4440,364,4076,4278,267,4011,24885,22422,2463,23377,21591,1786,46253,42209,4044,464,410,54,323,272,51,541,511,30,539,487,52
"36091","05000US36091","Saratoga County, New York","Saratoga County, New York","ny","050","00","ACSSF","0000058",,,,,"36","091",,,,,,,,,,,,,,,,,,,,,,,,,,,,,,,,,,,,,,,,,5802,217,5585,5670,139,5531,65025,61855,3170,57664,55198,2466,115151,110147,5004,2180,1933,247,165,165,0,3187,2959,228,3428,3235,193
"36093","05000US36093","Schenectady County, New York","Schenectady County, New York","ny","050","00","ACSSF","0000059",,,,,"36","093",,,,,,,,,,,,,,,,,,,,,,,,,,,,,,,,,,,,,,,,,4258,217,4041,3925,125,3800,39577,36680,2897,39200,36364,2836,62738,58808,3930,7350,6194,1156,178,162,16,3547,3318,229,4467,3998,469
"36095","05000US36095","Schoharie County, New York","Schoharie County, New York","ny","050","00","ACSSF","0000060",,,,,"36","095",,,,,,,,,,,,,,,,,,,,,,,,,,,,,,,,,,,,,,,,,1112,23,1089,1156,15,1141,7887,7348,539,7466,6850,616,14819,13747,1072,148,119,29,17,17,0,141,124,17,424,356,68
"36097","05000US36097","Schuyler County, New York","Schuyler County, New York","ny","050","00","ACSSF","0000061",,,,,"36","097",,,,,,,,,,,,,,,,,,,,,,,,,,,,,,,,,,,,,,,,,451,28,423,410,22,388,4749,4316,433,4112,3908,204,8675,8055,620,62,52,10,3,1,2,42,42,0,82,77,5
"36099","05000US36099","Seneca County, New York","Seneca County, New York","ny","050","00","ACSSF","0000062",,,,,"36","099",,,,,,,,,,,,,,,,,,,,,,,,,,,,,,,,,,,,,,,,,687,74,613,750,80,670,8425,7868,557,7855,7620,235,15734,14967,767,178,176,2,24,24,0,131,115,16,274,268,6
"36101","05000US36101","Steuben County, New York","Steuben County, New York","ny","050","00","ACSSF","0000063",,,,,"36","101",,,,,,,,,,,,,,,,,,,,,,,,,,,,,,,,,,,,,,,,,2456,165,2291,2413,131,2282,24720,22852,1868,21747,20380,1367,44244,41205,3039,642,588,54,42,42,0,921,875,46,647,520,127
"36103","05000US36103","Suffolk County, New York","Suffolk County, New York","ny","050","00","ACSSF","0000064",,,,,"36","103",,,,,,,,,,,,,,,,,,,,,,,,,,,,,,,,,,,,,,,,,42069,1441,40628,39054,989,38065,418652,394722,23930,368872,349938,18934,641602,609216,32386,59202,54362,4840,2075,1735,340,28936,27489,1447,143902,135446,8456
"36105","05000US36105","Sullivan County, New York","Sullivan County, New York","ny","050","00","ACSSF","0000065",,,,,"36","105",,,,,,,,,,,,,,,,,,,,,,,,,,,,,,,,,,,,,,,,,1863,75,1788,1809,126,1683,18551,16531,2020,17415,16079,1336,30164,27764,2400,2652,2033,619,88,82,6,686,640,46,5242,4468,774
"36107","05000US36107","Tioga County, New York","Tioga County, New York","ny","050","00","ACSSF","0000066",,,,,"36","107",,,,,,,,,,,,,,,,,,,,,,,,,,,,,,,,,,,,,,,,,1195,0,1195,1194,23,1171,12895,11910,985,11704,11102,602,23835,22269,1566,69,69,0,14,14,0,239,239,0,391,317,74
"36109","05000US36109","Tompkins County, New York","Tompkins County, New York","ny","050","00","ACSSF","0000067",,,,,"36","109",,,,,,,,,,,,,,,,,,,,,,,,,,,,,,,,,,,,,,,,,5961,66,5895,6211,25,6186,26948,25452,1496,25995,24938,1057,44467,42397,2070,1668,1481,187,130,130,0,4563,4421,142,2110,1994,116
"36111","05000US36111","Ulster County, New York","Ulster County, New York","ny","050","00","ACSSF","0000068",,,,,"36","111",,,,,,,,,,,,,,,,,,,,,,,,,,,,,,,,,,,,,,,,,4728,176,4552,4610,121,4489,47460,43604,3856,45734,42948,2786,82213,76673,5540,4336,3913,423,108,108,0,1905,1826,79,7508,6671,837
"36113","05000US36113","Warren County, New York","Warren County, New York","ny","050","00","ACSSF","0000069",,,,,"36","113",,,,,,,,,,,,,,,,,,,,,,,,,,,,,,,,,,,,,,,,,1539,63,1476,1413,61,1352,17840,16854,986,16310,15664,646,33038,31518,1520,400,347,53,51,51,0,334,334,0,653,625,28
"36115","05000US36115","Washington County, New York","Washington County, New York","ny","050","00","ACSSF","0000070",,,,,"36","115",,,,,,,,,,,,,,,,,,,,,,,,,,,,,,,,,,,,,,,,,1546,131,1415,1344,50,1294,16083,14909,1174,14673,13832,841,29694,27809,1885,386,275,111,75,75,0,224,218,6,360,342,18
"36117","05000US36117","Wayne County, New York","Wayne County, New York","ny","050","00","ACSSF","0000071",,,,,"36","117",,,,,,,,,,,,,,,,,,,,,,,,,,,,,,,,,,,,,,,,,2235,139,2096,2161,72,2089,24558,22701,1857,21617,20508,1109,43682,41132,2550,1048,770,278,54,54,0,344,331,13,1732,1554,178
"36119","05000US36119","Westchester County, New York","Westchester County, New York","ny","050","00","ACSSF","0000072",,,,,"36","119",,,,,,,,,,,,,,,,,,,,,,,,,,,,,,,,,,,,,,,,,26755,841,25914,26163,651,25512,268545,250796,17749,244253,228900,15353,332319,313958,18361,75768,68287,7481,2147,1979,168,31992,30338,1654,124810,115606,9204
"36121","05000US36121","Wyoming County, New York","Wyoming County, New York","ny","050","00","ACSSF","0000073",,,,,"36","121",,,,,,,,,,,,,,,,,,,,,,,,,,,,,,,,,,,,,,,,,1001,77,924,804,3,801,10558,9746,812,9089,8626,463,19098,17963,1135,169,103,66,71,63,8,58,36,22,344,300,44
"36123","05000US36123","Yates County, New York","Yates County, New York","ny","050","00","ACSSF","0000074",,,,,"36","123",,,,,,,,,,,,,,,,,,,,,,,,,,,,,,,,,,,,,,,,,733,186,547,843,201,642,6200,5786,414,5856,5545,311,11736,11026,710,126,113,13,31,31,0,22,20,2,226,215,11
"39001","05000US39001","Adams County, Ohio","Adams County, Ohio","oh","050","00","ACSSF","0000013",,,,,"39","001",,,,,,,,,,,,,,,,,,,,,,,,,,,,,,,,,,,,,,,,,620,29,591,683,24,659,5880,5419,461,5059,4705,354,10669,9894,775,103,99,4,45,20,25,55,55,0,121,121,0
"39003","05000US39003","Allen County, Ohio","Allen County, Ohio","oh","050","00","ACSSF","0000014",,,,,"39","003",,,,,,,,,,,,,,,,,,,,,,,,,,,,,,,,,,,,,,,,,3176,155,3021,2702,59,2643,27529,25503,2026,24579,22848,1731,44380,41845,2535,5590,4673,917,110,105,5,407,401,6,1450,1249,201
"39005","05000US39005","Ashland County, Ohio","Ashland County, Ohio","oh","050","00","ACSSF","0000015",,,,,"39","005",,,,,,,,,,,,,,,,,,,,,,,,,,,,,,,,,,,,,,,,,1660,128,1532,1681,88,1593,13701,13085,616,12465,11985,480,25459,24383,1076,207,195,12,4,4,0,154,151,3,319,319,0
"39007","05000US39007","Ashtabula County, Ohio","Ashtabula County, Ohio","oh","050","00","ACSSF","0000016",,,,,"39","007",,,,,,,,,,,,,,,,,,,,,,,,,,,,,,,,,,,,,,,,,2506,187,2319,2363,240,2123,23009,20867,2142,20206,19136,1070,41057,37960,3097,1207,1168,39,87,42,45,236,236,0,1363,1289,74
"39009","05000US39009","Athens County, Ohio","Athens County, Ohio","oh","050","00","ACSSF","0000017",,,,,"39","009",,,,,,,,,,,,,,,,,,,,,,,,,,,,,,,,,,,,,,,,,3964,22,3942,4952,32,4920,15097,13785,1312,14950,13649,1301,27530,25129,2401,859,805,54,77,77,0,812,740,72,550,513,37
"39011","05000US39011","Auglaize County, Ohio","Auglaize County, Ohio","oh","050","00","ACSSF","0000018",,,,,"39","011",,,,,,,,,,,,,,,,,,,,,,,,,,,,,,,,,,,,,,,,,1226,6,1220,1064,54,1010,13052,12588,464,11002,10641,361,23526,22751,775,58,52,6,22,22,0,137,137,0,316,306,10
"39013","05000US39013","Belmont County, Ohio","Belmont County, Ohio","oh","050","00","ACSSF","0000019",,,,,"39","013",,,,,,,,,,,,,,,,,,,,,,,,,,,,,,,,,,,,,,,,,1568,34,1534,1307,43,1264,16706,15521,1185,14649,13690,959,29970,28071,1899,900,729,171,64,64,0,151,122,29,90,84,6
"39015","05000US39015","Brown County, Ohio","Brown County, Ohio","oh","050","00","ACSSF","0000020",,,,,"39","015",,,,,,,,,,,,,,,,,,,,,,,,,,,,,,,,,,,,,,,,,1049,125,924,1132,60,1072,11150,10402,748,9308,8720,588,19994,18733,1261,144,94,50,47,47,0,69,69,0,135,121,14
"39017","05000US39017","Butler County, Ohio","Butler County, Ohio","oh","050","00","ACSSF","0000021",,,,,"39","017",,,,,,,,,,,,,,,,,,,,,,,,,,,,,,,,,,,,,,,,,11815,255,11560,11793,212,11581,100314,94795,5519,90946,86070,4876,164327,156049,8278,15714,14444,1270,288,288,0,5624,5461,163,7435,6756,679
"39019","05000US39019","Carroll County, Ohio","Carroll County, Ohio","oh","050","00","ACSSF","0000022",,,,,"39","019",,,,,,,,,,,,,,,,,,,,,,,,,,,,,,,,,,,,,,,,,745,119,626,638,62,576,7192,6792,400,6067,5845,222,13028,12420,608,25,11,14,19,19,0,33,33,0,112,112,0
"39021","05000US39021","Champaign County, Ohio","Champaign County, Ohio","oh","050","00","ACSSF","0000023",,,,,"39","021",,,,,,,,,,,,,,,,,,,,,,,,,,,,,,,,,,,,,,,,,1210,206,1004,1002,3,999,10528,9609,919,9011,8510,501,18556,17248,1308,290,246,44,10,10,0,131,131,0,203,173,30
"39023","05000US39023","Clark County, Ohio","Clark County, Ohio","oh","050","00","ACSSF","0000024",,,,,"39","023",,,,,,,,,,,,,,,,,,,,,,,,,,,,,,,,,,,,,,,,,3512,217,3295,3682,138,3544,33692,31010,2682,31780,29428,2352,57750,53604,4146,5299,4637,662,128,128,0,425,394,31,1831,1749,82
"39025","05000US39025","Clermont County, Ohio","Clermont County, Ohio","oh","050","00","ACSSF","0000025",,,,,"39","025",,,,,,,,,,,,,,,,,,,,,,,,,,,,,,,,,,,,,,,,,5159,173,4986,4857,144,4713,55822,53287,2535,49118,47061,2057,100607,96272,4335,1505,1428,77,157,129,28,1317,1238,79,1739,1586,153
"39027","05000US39027","Clinton County, Ohio","Clinton County, Ohio","oh","050","00","ACSSF","0000026",,,,,"39","027",,,,,,,,,,,,,,,,,,,,,,,,,,,,,,,,,,,,,,,,,1120,38,1082,1127,21,1106,10801,10075,726,9780,9148,632,19636,18365,1271,496,461,35,7,7,0,56,56,0,279,252,27
"39029","05000US39029","Columbiana County, Ohio","Columbiana County, Ohio","oh","050","00","ACSSF","0000027",,,,,"39","029",,,,,,,,,,,,,,,,,,,,,,,,,,,,,,,,,,,,,,,,,2521,186,2335,2172,138,2034,26612,24342,2270,22851,21395,1456,47712,44315,3397,589,459,130,13,13,0,88,88,0,795,681,114
"39031","05000US39031","Coshocton County, Ohio","Coshocton County, Ohio","oh","050","00","ACSSF","0000028",,,,,"39","031",,,,,,,,,,,,,,,,,,,,,,,,,,,,,,,,,,,,,,,,,955,119,836,677,81,596,9058,8411,647,7680,7202,478,16327,15217,1110,194,192,2,35,35,0,77,77,0,165,136,29
"39033","05000US39033","Crawford County, Ohio","Crawford County, Ohio","oh","050","00","ACSSF","0000029",,,,,"39","033",,,,,,,,,,,,,,,,,,,,,,,,,,,,,,,,,,,,,,,,,910,51,859,1035,63,972,10368,9671,697,9440,8863,577,19370,18181,1189,176,144,32,22,22,0,68,53,15,230,228,2
"39035","05000US39035","Cuyahoga County, Ohio","Cuyahoga County, Ohio","oh","050","00","ACSSF","0000030",,,,,"39","035",,,,,,,,,,,,,,,,,,,,,,,,,,,,,,,,,,,,,,,,,32813,1264,31549,30661,1236,29425,322899,291840,31059,322499,295890,26609,428876,405288,23588,173839,143237,30602,1499,1310,189,19819,18894,925,32585,29153,3432
"39037","05000US39037","Darke County, Ohio","Darke County, Ohio","oh","050","00","ACSSF","0000031",,,,,"39","037",,,,,,,,,,,,,,,,,,,,,,,,,,,,,,,,,,,,,,,,,1375,3,1372,1209,34,1175,13848,13027,821,12120,11605,515,25302,23995,1307,190,178,12,72,72,0,128,122,6,282,250,32
"39039","05000US39039","Defiance County, Ohio","Defiance County, Ohio","oh","050","00","ACSSF","0000032",,,,,"39","039",,,,,,,,,,,,,,,,,,,,,,,,,,,,,,,,,,,,,,,,,1202,26,1176,1050,40,1010,10406,9700,706,9238,8954,284,17868,17051,817,314,292,22,87,82,5,100,100,0,1749,1586,163
"39041","05000US39041","Delaware County, Ohio","Delaware County, Ohio","oh","050","00","ACSSF","0000033",,,,,"39","041",,,,,,,,,,,,,,,,,,,,,,,,,,,,,,,,,,,,,,,,,5407,104,5303,5104,52,5052,54501,53131,1370,47398,46084,1314,90845,88560,2285,3501,3383,118,82,82,0,5496,5314,182,2395,2301,94
"39043","05000US39043","Erie County, Ohio","Erie County, Ohio","oh","050","00","ACSSF","0000034",,,,,"39","043",,,,,,,,,,,,,,,,,,,,,,,,,,,,,,,,,,,,,,,,,1785,50,1735,1775,47,1728,19898,18535,1363,18412,17290,1122,33571,31632,1939,2914,2529,385,140,140,0,238,209,29,1693,1486,207
"39045","05000US39045","Fairfield County, Ohio","Fairfield County, Ohio","oh","050","00","ACSSF","0000035",,,,,"39","045",,,,,,,,,,,,,,,,,,,,,,,,,,,,,,,,,,,,,,,,,4474,134,4340,3852,108,3744,39828,37939,1889,35217,33315,1902,66904,63667,3237,5375,5076,299,100,82,18,1103,1034,69,1508,1394,114
"39047","05000US39047","Fayette County, Ohio","Fayette County, Ohio","oh","050","00","ACSSF","0000036",,,,,"39","047",,,,,,,,,,,,,,,,,,,,,,,,,,,,,,,,,,,,,,,,,748,83,665,593,2,591,7165,6606,559,6181,5904,277,12694,11940,754,317,290,27,0,0,0,96,96,0,203,163,40
"39049","05000US39049","Franklin County, Ohio","Franklin County, Ohio","oh","050","00","ACSSF","0000037",,,,,"39","049",,,,,,,,,,,,,,,,,,,,,,,,,,,,,,,,,,,,,,,,,33015,1254,31761,31583,798,30785,353620,333066,20554,335489,316956,18533,489617,469602,20015,137864,122635,15229,1228,1070,158,31267,29967,1300,31249,29279,1970
"39051","05000US39051","Fulton County, Ohio","Fulton County, Ohio","oh","050","00","ACSSF","0000038",,,,,"39","051",,,,,,,,,,,,,,,,,,,,,,,,,,,,,,,,,,,,,,,,,1237,7,1230,1200,117,1083,11510,10912,598,10526,9817,709,20713,19643,1070,50,30,20,51,42,9,64,64,0,1819,1615,204
"39053","05000US39053","Gallia County, Ohio","Gallia County, Ohio","oh","050","00","ACSSF","0000039",,,,,"39","053",,,,,,,,,,,,,,,,,,,,,,,,,,,,,,,,,,,,,,,,,837,38,799,722,124,598,6836,6426,410,5828,5504,324,12141,11448,693,280,248,32,15,15,0,49,49,0,267,267,0
"39055","05000US39055","Geauga County, Ohio","Geauga County, Ohio","oh","050","00","ACSSF","0000040",,,,,"39","055",,,,,,,,,,,,,,,,,,,,,,,,,,,,,,,,,,,,,,,,,2804,420,2384,2581,461,2120,26565,25706,859,22273,21417,856,47568,45939,1629,484,456,28,61,61,0,357,342,15,548,477,71
"39057","05000US39057","Greene County, Ohio","Greene County, Ohio","oh","050","00","ACSSF","0000041",,,,,"39","057",,,,,,,,,,,,,,,,,,,,,,,,,,,,,,,,,,,,,,,,,5200,120,5080,5424,83,5341,42988,40269,2719,38691,36769,1922,70629,67174,3455,6295,5376,919,94,54,40,2444,2365,79,2017,1838,179
"39059","05000US39059","Guernsey County, Ohio","Guernsey County, Ohio","oh","050","00","ACSSF","0000042",,,,,"39","059",,,,,,,,,,,,,,,,,,,,,,,,,,,,,,,,,,,,,,,,,1033,6,1027,950,49,901,9494,8691,803,8490,7763,727,17457,15964,1493,106,75,31,43,43,0,84,84,0,171,171,0
"39061","05000US39061","Hamilton County, Ohio","Hamilton County, Ohio","oh","050","00","ACSSF","0000043",,,,,"39","061",,,,,,,,,,,,,,,,,,,,,,,,,,,,,,,,,,,,,,,,,21937,658,21279,20728,604,20124,216717,201109,15608,207242,193278,13964,301232,286960,14272,100268,86855,13413,528,474,54,10324,9723,601,11661,11147,514
"39063","05000US39063","Hancock County, Ohio","Hancock County, Ohio","oh","050","00","ACSSF","0000044",,,,,"39","063",,,,,,,,,,,,,,,,,,,,,,,,,,,,,,,,,,,,,,,,,2075,33,2042,2178,3,2175,20698,19753,945,19013,18175,838,37141,35609,1532,656,578,78,39,39,0,629,629,0,1947,1804,143
"39065","05000US39065","Hardin County, Ohio","Hardin County, Ohio","oh","050","00","ACSSF","0000045",,,,,"39","065",,,,,,,,,,,,,,,,,,,,,,,,,,,,,,,,,,,,,,,,,1226,8,1218,1188,2,1186,8026,7394,632,7203,6796,407,14773,13831,942,106,87,19,5,5,0,76,76,0,227,140,87
"39067","05000US39067","Harrison County, Ohio","Harrison County, Ohio","oh","050","00","ACSSF","0000046",,,,,"39","067",,,,,,,,,,,,,,,,,,,,,,,,,,,,,,,,,,,,,,,,,471,55,416,313,0,313,3903,3684,219,3152,3023,129,6727,6436,291,165,117,48,13,13,0,34,34,0,60,60,0
"39069","05000US39069","Henry County, Ohio","Henry County, Ohio","oh","050","00","ACSSF","0000047",,,,,"39","069",,,,,,,,,,,,,,,,,,,,,,,,,,,,,,,,,,,,,,,,,809,25,784,610,36,574,7484,7096,388,6673,6431,242,13559,12959,600,54,42,12,30,30,0,69,65,4,994,937,57
"39071","05000US39071","Highland County, Ohio","Highland County, Ohio","oh","050","00","ACSSF","0000048",,,,,"39","071",,,,,,,,,,,,,,,,,,,,,,,,,,,,,,,,,,,,,,,,,1111,128,983,1087,89,998,10145,9397,748,8704,8071,633,18267,16950,1317,199,164,35,9,4,5,69,69,0,191,191,0
"39073","05000US39073","Hocking County, Ohio","Hocking County, Ohio","oh","050","00","ACSSF","0000049",,,,,"39","073",,,,,,,,,,,,,,,,,,,,,,,,,,,,,,,,,,,,,,,,,801,29,772,699,12,687,7193,6600,593,6384,5971,413,13285,12296,989,118,104,14,13,13,0,19,16,3,78,78,0
"39075","05000US39075","Holmes County, Ohio","Holmes County, Ohio","oh","050","00","ACSSF","0000050",,,,,"39","075",,,,,,,,,,,,,,,,,,,,,,,,,,,,,,,,,,,,,,,,,1584,743,841,1494,760,734,12252,11975,277,8175,7882,293,20167,19651,516,15,15,0,11,11,0,12,12,0,225,193,32
"39077","05000US39077","Huron County, Ohio","Huron County, Ohio","oh","050","00","ACSSF","0000051",,,,,"39","077",,,,,,,,,,,,,,,,,,,,,,,,,,,,,,,,,,,,,,,,,1573,110,1463,1325,79,1246,15332,14316,1016,13391,12745,646,27261,25781,1480,367,256,111,43,31,12,78,78,0,1777,1562,215
"39079","05000US39079","Jackson County, Ohio","Jackson County, Ohio","oh","050","00","ACSSF","0000052",,,,,"39","079",,,,,,,,,,,,,,,,,,,,,,,,,,,,,,,,,,,,,,,,,886,37,849,761,11,750,7909,7029,880,7246,6482,764,14739,13152,1587,92,92,0,0,0,0,12,12,0,141,124,17
"39081","05000US39081","Jefferson County, Ohio","Jefferson County, Ohio","oh","050","00","ACSSF","0000053",,,,,"39","081",,,,,,,,,,,,,,,,,,,,,,,,,,,,,,,,,,,,,,,,,1687,44,1643,1618,37,1581,15637,14157,1480,14414,13522,892,27891,25765,2126,1516,1321,195,46,46,0,125,125,0,301,254,47
"39083","05000US39083","Knox County, Ohio","Knox County, Ohio","oh","050","00","ACSSF","0000054",,,,,"39","083",,,,,,,,,,,,,,,,,,,,,,,,,,,,,,,,,,,,,,,,,2018,240,1778,2001,135,1866,15731,14830,901,14504,13659,845,29306,27620,1686,318,316,2,72,55,17,115,115,0,477,391,86
"39085","05000US39085","Lake County, Ohio","Lake County, Ohio","oh","050","00","ACSSF","0000055",,,,,"39","085",,,,,,,,,,,,,,,,,,,,,,,,,,,,,,,,,,,,,,,,,5587,161,5426,5355,32,5323,63795,60123,3672,59807,57555,2252,114409,109219,5190,4523,4146,377,115,104,11,1625,1566,59,4397,4031,366
"39087","05000US39087","Lawrence County, Ohio","Lawrence County, Ohio","oh","050","00","ACSSF","0000056",,,,,"39","087",,,,,,,,,,,,,,,,,,,,,,,,,,,,,,,,,,,,,,,,,1631,56,1575,1417,68,1349,13673,12676,997,12631,11931,700,25370,23732,1638,555,543,12,0,0,0,105,77,28,219,211,8
"39089","05000US39089","Licking County, Ohio","Licking County, Ohio","oh","050","00","ACSSF","0000057",,,,,"39","089",,,,,,,,,,,,,,,,,,,,,,,,,,,,,,,,,,,,,,,,,4757,182,4575,4874,118,4756,45448,42760,2688,42754,40270,2484,82235,77454,4781,3237,2980,257,163,136,27,1032,1015,17,1357,1257,100
"39091","05000US39091","Logan County, Ohio","Logan County, Ohio","oh","050","00","ACSSF","0000058",,,,,"39","091",,,,,,,,,,,,,,,,,,,,,,,,,,,,,,,,,,,,,,,,,1363,121,1242,1182,108,1074,12260,11592,668,10270,9626,644,21452,20254,1198,387,315,72,56,56,0,239,233,6,312,244,68
"39093","05000US39093","Lorain County, Ohio","Lorain County, Ohio","oh","050","00","ACSSF","0000059",,,,,"39","093",,,,,,,,,,,,,,,,,,,,,,,,,,,,,,,,,,,,,,,,,8671,576,8095,7921,250,7671,77395,71611,5784,74067,69223,4844,133293,125161,8132,10595,9131,1464,480,413,67,1287,1254,33,12586,11142,1444
"39095","05000US39095","Lucas County, Ohio","Lucas County, Ohio","oh","050","00","ACSSF","0000060",,,,,"39","095",,,,,,,,,,,,,,,,,,,,,,,,,,,,,,,,,,,,,,,,,11760,438,11322,10875,452,10423,110176,99712,10464,106160,98241,7919,163250,153200,10050,37275,30767,6508,462,378,84,3770,3558,212,13517,12176,1341
"39097","05000US39097","Madison County, Ohio","Madison County, Ohio","oh","050","00","ACSSF","0000061",,,,,"39","097",,,,,,,,,,,,,,,,,,,,,,,,,,,,,,,,,,,,,,,,,1102,52,1050,963,44,919,10650,10077,573,9270,8761,509,19061,18123,938,358,278,80,35,24,11,199,184,15,234,208,26
"39099","05000US39099","Mahoning County, Ohio","Mahoning County, Ohio","oh","050","00","ACSSF","0000062",,,,,"39","099",,,,,,,,,,,,,,,,,,,,,,,,,,,,,,,,,,,,,,,,,5421,227,5194,5518,141,5377,58029,52941,5088,54636,50477,4159,93404,87911,5493,15079,11844,3235,374,282,92,959,950,9,5114,4410,704
"39101","05000US39101","Marion County, Ohio","Marion County, Ohio","oh","050","00","ACSSF","0000063",,,,,"39","101",,,,,,,,,,,,,,,,,,,,,,,,,,,,,,,,,,,,,,,,,1457,32,1425,1372,52,1320,14724,13531,1193,13421,12389,1032,26419,24508,1911,801,661,140,33,26,7,195,195,0,442,329,113
"39103","05000US39103","Medina County, Ohio","Medina County, Ohio","oh","050","00","ACSSF","0000064",,,,,"39","103",,,,,,,,,,,,,,,,,,,,,,,,,,,,,,,,,,,,,,,,,4609,136,4473,4292,52,4240,50858,48847,2011,44280,42843,1437,91406,88207,3199,1262,1119,143,159,159,0,1098,1070,28,1686,1572,114
"39105","05000US39105","Meigs County, Ohio","Meigs County, Ohio","oh","050","00","ACSSF","0000065",,,,,"39","105",,,,,,,,,,,,,,,,,,,,,,,,,,,,,,,,,,,,,,,,,488,34,454,600,4,596,5315,4673,642,4604,4218,386,9694,8706,988,129,121,8,7,7,0,8,8,0,39,11,28
"39107","05000US39107","Mercer County, Ohio","Mercer County, Ohio","oh","050","00","ACSSF","0000066",,,,,"39","107",,,,,,,,,,,,,,,,,,,,,,,,,,,,,,,,,,,,,,,,,1230,37,1193,1100,19,1081,11645,11129,516,9918,9587,331,21012,20226,786,107,71,36,3,3,0,116,95,21,347,347,0
"39109","05000US39109","Miami County, Ohio","Miami County, Ohio","oh","050","00","ACSSF","0000067",,,,,"39","109",,,,,,,,,,,,,,,,,,,,,,,,,,,,,,,,,,,,,,,,,2752,110,2642,2421,63,2358,28573,27171,1402,24526,23032,1494,50583,47793,2790,901,847,54,68,68,0,740,740,0,572,485,87
"39111","05000US39111","Monroe County, Ohio","Monroe County, Ohio","oh","050","00","ACSSF","0000068",,,,,"39","111",,,,,,,,,,,,,,,,,,,,,,,,,,,,,,,,,,,,,,,,,350,13,337,295,67,228,3257,3035,222,2419,2306,113,5654,5322,332,2,2,0,0,0,0,6,6,0,9,7,2
"39113","05000US39113","Montgomery County, Ohio","Montgomery County, Ohio","oh","050","00","ACSSF","0000069",,,,,"39","113",,,,,,,,,,,,,,,,,,,,,,,,,,,,,,,,,,,,,,,,,14401,479,13922,13067,390,12677,133136,122458,10678,128827,118656,10171,196872,184668,12204,51164,43933,7231,494,446,48,5556,5323,233,6212,5582,630
"39115","05000US39115","Morgan County, Ohio","Morgan County, Ohio","oh","050","00","ACSSF","0000070",,,,,"39","115",,,,,,,,,,,,,,,,,,,,,,,,,,,,,,,,,,,,,,,,,452,50,402,278,12,266,3327,3071,256,2847,2764,83,5849,5518,331,195,187,8,10,10,0,32,32,0,55,55,0
"39117","05000US39117","Morrow County, Ohio","Morrow County, Ohio","oh","050","00","ACSSF","0000071",,,,,"39","117",,,,,,,,,,,,,,,,,,,,,,,,,,,,,,,,,,,,,,,,,1060,24,1036,918,0,918,9225,8880,345,8477,8056,421,17520,16760,760,21,20,1,2,2,0,14,14,0,276,276,0
"39119","05000US39119","Muskingum County, Ohio","Muskingum County, Ohio","oh","050","00","ACSSF","0000072",,,,,"39","119",,,,,,,,,,,,,,,,,,,,,,,,,,,,,,,,,,,,,,,,,2314,64,2250,2410,8,2402,20738,19165,1573,20214,18958,1256,38201,35693,2508,1343,1237,106,90,66,24,195,163,32,400,355,45
"39121","05000US39121","Noble County, Ohio","Noble County, Ohio","oh","050","00","ACSSF","0000073",,,,,"39","121",,,,,,,,,,,,,,,,,,,,,,,,,,,,,,,,,,,,,,,,,265,38,227,221,0,221,2118,2007,111,2238,2139,99,4300,4090,210,41,41,0,0,0,0,0,0,0,1,1,0
"39123","05000US39123","Ottawa County, Ohio","Ottawa County, Ohio","oh","050","00","ACSSF","0000074",,,,,"39","123",,,,,,,,,,,,,,,,,,,,,,,,,,,,,,,,,,,,,,,,,915,0,915,988,11,977,10888,10289,599,9451,9059,392,19619,18719,900,199,146,53,4,4,0,44,44,0,913,856,57
"39125","05000US39125","Paulding County, Ohio","Paulding County, Ohio","oh","050","00","ACSSF","0000075",,,,,"39","125",,,,,,,,,,,,,,,,,,,,,,,,,,,,,,,,,,,,,,,,,474,6,468,461,12,449,5146,4930,216,4038,3791,247,8837,8407,430,74,69,5,8,8,0,51,51,0,346,340,6
"39127","05000US39127","Perry County, Ohio","Perry County, Ohio","oh","050","00","ACSSF","0000076",,,,,"39","127",,,,,,,,,,,,,,,,,,,,,,,,,,,,,,,,,,,,,,,,,879,65,814,910,38,872,8728,7952,776,7545,7084,461,15889,14829,1060,35,30,5,45,45,0,18,18,0,155,135,20
"39129","05000US39129","Pickaway County, Ohio","Pickaway County, Ohio","oh","050","00","ACSSF","0000077",,,,,"39","129",,,,,,,,,,,,,,,,,,,,,,,,,,,,,,,,,,,,,,,,,1716,117,1599,1401,46,1355,13708,13088,620,12387,11648,739,25549,24216,1333,106,97,9,51,51,0,73,73,0,266,266,0
"39131","05000US39131","Pike County, Ohio","Pike County, Ohio","oh","050","00","ACSSF","0000078",,,,,"39","131",,,,,,,,,,,,,,,,,,,,,,,,,,,,,,,,,,,,,,,,,790,54,736,617,32,585,6008,5411,597,5443,4906,537,10974,9897,1077,136,132,4,68,68,0,15,0,15,65,65,0
"39133","05000US39133","Portage County, Ohio","Portage County, Ohio","oh","050","00","ACSSF","0000079",,,,,"39","133",,,,,,,,,,,,,,,,,,,,,,,,,,,,,,,,,,,,,,,,,5800,178,5622,6571,93,6478,46191,42538,3653,42179,39511,2668,81064,75790,5274,3892,3317,575,166,131,35,1339,1191,148,1268,1184,84
"39135","05000US39135","Preble County, Ohio","Preble County, Ohio","oh","050","00","ACSSF","0000080",,,,,"39","135",,,,,,,,,,,,,,,,,,,,,,,,,,,,,,,,,,,,,,,,,1266,42,1224,989,35,954,11037,10402,635,9594,9035,559,20171,19025,1146,56,50,6,44,44,0,69,69,0,152,126,26
"39137","05000US39137","Putnam County, Ohio","Putnam County, Ohio","oh","050","00","ACSSF","0000081",,,,,"39","137",,,,,,,,,,,,,,,,,,,,,,,,,,,,,,,,,,,,,,,,,874,5,869,823,13,810,9787,9537,250,8432,8161,271,17490,16994,496,84,66,18,3,3,0,44,44,0,862,855,7
"39139","05000US39139","Richland County, Ohio","Richland County, Ohio","oh","050","00","ACSSF","0000082",,,,,"39","139",,,,,,,,,,,,,,,,,,,,,,,,,,,,,,,,,,,,,,,,,2993,179,2814,2669,194,2475,28290,25926,2364,26039,24306,1733,49415,46089,3326,3163,2589,574,85,67,18,396,383,13,645,557,88
"39141","05000US39141","Ross County, Ohio","Ross County, Ohio","oh","050","00","ACSSF","0000083",,,,,"39","141",,,,,,,,,,,,,,,,,,,,,,,,,,,,,,,,,,,,,,,,,1906,95,1811,1436,41,1395,17608,16226,1382,15512,14366,1146,30890,28628,2262,955,911,44,0,0,0,267,267,0,261,253,8
"39143","05000US39143","Sandusky County, Ohio","Sandusky County, Ohio","oh","050","00","ACSSF","0000084",,,,,"39","143",,,,,,,,,,,,,,,,,,,,,,,,,,,,,,,,,,,,,,,,,1557,55,1502,1465,25,1440,15689,14925,764,14360,13509,851,27549,26336,1213,783,657,126,58,45,13,75,75,0,2789,2543,246
"39145","05000US39145","Scioto County, Ohio","Scioto County, Ohio","oh","050","00","ACSSF","0000085",,,,,"39","145",,,,,,,,,,,,,,,,,,,,,,,,,,,,,,,,,,,,,,,,,2055,40,2015,2002,20,1982,15617,14175,1442,14946,13988,958,29383,27089,2294,510,407,103,132,132,0,143,140,3,336,334,2
"39147","05000US39147","Seneca County, Ohio","Seneca County, Ohio","oh","050","00","ACSSF","0000086",,,,,"39","147",,,,,,,,,,,,,,,,,,,,,,,,,,,,,,,,,,,,,,,,,1820,17,1803,1726,17,1709,14464,13755,709,12980,12078,902,26315,24855,1460,476,366,110,27,27,0,112,108,4,1157,987,170
"39149","05000US39149","Shelby County, Ohio","Shelby County, Ohio","oh","050","00","ACSSF","0000087",,,,,"39","149",,,,,,,,,,,,,,,,,,,,,,,,,,,,,,,,,,,,,,,,,1470,72,1398,1274,0,1274,14218,13379,839,11586,11051,535,24410,23221,1189,707,552,155,82,82,0,298,275,23,342,310,32
"39151","05000US39151","Stark County, Ohio","Stark County, Ohio","oh","050","00","ACSSF","0000088",,,,,"39","151",,,,,,,,,,,,,,,,,,,,,,,,,,,,,,,,,,,,,,,,,10211,296,9915,9493,267,9226,98697,91879,6818,91365,85428,5937,170578,160649,9929,13181,10965,2216,219,205,14,1594,1594,0,3225,2555,670
"39153","05000US39153","Summit County, Ohio","Summit County, Ohio","oh","050","00","ACSSF","0000089",,,,,"39","153",,,,,,,,,,,,,,,,,,,,,,,,,,,,,,,,,,,,,,,,,14025,493,13532,13645,342,13303,146160,136024,10136,135933,127979,7954,230948,219049,11899,36981,31970,5011,567,467,100,7574,7276,298,4710,4301,409
"39155","05000US39155","Trumbull County, Ohio","Trumbull County, Ohio","oh","050","00","ACSSF","0000090",,,,,"39","155",,,,,,,,,,,,,,,,,,,,,,,,,,,,,,,,,,,,,,,,,4795,393,4402,4783,180,4603,48985,45881,3104,44658,42211,2447,84281,79742,4539,7053,6376,677,184,159,25,483,468,15,1317,1259,58
"39157","05000US39157","Tuscarawas County, Ohio","Tuscarawas County, Ohio","oh","050","00","ACSSF","0000091",,,,,"39","157",,,,,,,,,,,,,,,,,,,,,,,,,,,,,,,,,,,,,,,,,2362,192,2170,2218,190,2028,24670,23420,1250,20997,20005,992,44663,42469,2194,364,340,24,34,34,0,168,168,0,928,928,0
"39159","05000US39159","Union County, Ohio","Union County, Ohio","oh","050","00","ACSSF","0000092",,,,,"39","159",,,,,,,,,,,,,,,,,,,,,,,,,,,,,,,,,,,,,,,,,1501,3,1498,1250,26,1224,14948,14474,474,12613,12302,311,25428,24667,761,527,523,4,121,121,0,1059,1046,13,406,370,36
"39161","05000US39161","Van Wert County, Ohio","Van Wert County, Ohio","oh","050","00","ACSSF","0000093",,,,,"39","161",,,,,,,,,,,,,,,,,,,,,,,,,,,,,,,,,,,,,,,,,731,31,700,699,19,680,7566,7180,386,6709,6342,367,13803,13081,722,175,171,4,28,16,12,64,64,0,375,324,51
"39163","05000US39163","Vinton County, Ohio","Vinton County, Ohio","oh","050","00","ACSSF","0000094",,,,,"39","163",,,,,,,,,,,,,,,,,,,,,,,,,,,,,,,,,,,,,,,,,320,0,320,347,0,347,3164,2785,379,2696,2456,240,5758,5151,607,0,0,0,3,3,0,19,19,0,41,36,5
"39165","05000US39165","Warren County, Ohio","Warren County, Ohio","oh","050","00","ACSSF","0000095",,,,,"39","165",,,,,,,,,,,,,,,,,,,,,,,,,,,,,,,,,,,,,,,,,6218,114,6104,5599,152,5447,60883,58130,2753,53380,50985,2395,104025,99610,4415,2667,2429,238,18,18,0,5790,5539,251,2445,2306,139
"39167","05000US39167","Washington County, Ohio","Washington County, Ohio","oh","050","00","ACSSF","0000096",,,,,"39","167",,,,,,,,,,,,,,,,,,,,,,,,,,,,,,,,,,,,,,,,,1673,12,1661,1582,96,1486,15033,14261,772,13000,12592,408,26919,25849,1070,190,178,12,217,174,43,232,232,0,231,194,37
"39169","05000US39169","Wayne County, Ohio","Wayne County, Ohio","oh","050","00","ACSSF","0000097",,,,,"39","169",,,,,,,,,,,,,,,,,,,,,,,,,,,,,,,,,,,,,,,,,3243,366,2877,3529,452,3077,31709,30583,1126,26353,25181,1172,55220,53103,2117,867,779,88,131,131,0,665,622,43,973,935,38
"39171","05000US39171","Williams County, Ohio","Williams County, Ohio","oh","050","00","ACSSF","0000098",,,,,"39","171",,,,,,,,,,,,,,,,,,,,,,,,,,,,,,,,,,,,,,,,,935,53,882,837,20,817,9701,9202,499,8803,8384,419,17932,17079,853,37,29,8,42,42,0,158,143,15,684,609,75
"39173","05000US39173","Wood County, Ohio","Wood County, Ohio","oh","050","00","ACSSF","0000099",,,,,"39","173",,,,,,,,,,,,,,,,,,,,,,,,,,,,,,,,,,,,,,,,,4892,46,4846,5498,7,5491,37260,35057,2203,34218,32471,1747,66278,62893,3385,2264,1926,338,90,57,33,1157,1143,14,3613,3380,233
"39175","05000US39175","Wyandot County, Ohio","Wyandot County, Ohio","oh","050","00","ACSSF","0000100",,,,,"39","175",,,,,,,,,,,,,,,,,,,,,,,,,,,,,,,,,,,,,,,,,608,11,597,455,63,392,6060,5747,313,5325,5155,170,11157,10678,479,29,29,0,0,0,0,43,43,0,244,226,18
"49001","05000US49001","Beaver County, Utah","Beaver County, Utah","ut","050","00","ACSSF","0000013",,,,,"49","001",,,,,,,,,,,,,,,,,,,,,,,,,,,,,,,,,,,,,,,,,309,28,281,94,0,94,1670,1605,65,1114,1048,66,2720,2595,125,0,0,0,0,0,0,0,0,0,259,238,21
"49003","05000US49003","Box Elder County, Utah","Box Elder County, Utah","ut","050","00","ACSSF","0000014",,,,,"49","003",,,,,,,,,,,,,,,,,,,,,,,,,,,,,,,,,,,,,,,,,1711,32,1679,1472,26,1446,13587,12923,664,10031,9396,635,22098,20892,1206,25,25,0,330,330,0,211,172,39,2111,1938,173
"49005","05000US49005","Cache County, Utah","Cache County, Utah","ut","050","00","ACSSF","0000015",,,,,"49","005",,,,,,,,,,,,,,,,,,,,,,,,,,,,,,,,,,,,,,,,,4143,76,4067,4847,64,4783,33108,32123,985,25947,24782,1165,53620,51674,1946,443,386,57,256,237,19,1117,1083,34,5685,5435,250
"49007","05000US49007","Carbon County, Utah","Carbon County, Utah","ut","050","00","ACSSF","0000016",,,,,"49","007",,,,,,,,,,,,,,,,,,,,,,,,,,,,,,,,,,,,,,,,,618,1,617,590,0,590,5121,4807,314,4291,4099,192,8675,8181,494,101,101,0,129,120,9,49,49,0,1173,1107,66
"49009","05000US49009","Daggett County, Utah","Daggett County, Utah","ut","050","00","ACSSF","0000017",,,,,"49","009",,,,,,,,,,,,,,,,,,,,,,,,,,,,,,,,,,,,,,,,,16,0,16,12,0,12,200,197,3,96,96,0,296,293,3,0,0,0,0,0,0,0,0,0,3,3,0
"49011","05000US49011","Davis County, Utah","Davis County, Utah","ut","050","00","ACSSF","0000018",,,,,"49","011",,,,,,,,,,,,,,,,,,,,,,,,,,,,,,,,,,,,,,,,,10850,405,10445,9529,286,9243,90890,87838,3052,70337,67990,2347,144964,140103,4861,2301,2152,149,789,789,0,3387,3290,97,14883,14424,459
"49013","05000US49013","Duchesne County, Utah","Duchesne County, Utah","ut","050","00","ACSSF","0000019",,,,,"49","013",,,,,,,,,,,,,,,,,,,,,,,,,,,,,,,,,,,,,,,,,617,41,576,532,23,509,5108,4776,332,3453,3250,203,7798,7368,430,23,23,0,317,250,67,73,73,0,620,525,95
"49015","05000US49015","Emery County, Utah","Emery County, Utah","ut","050","00","ACSSF","0000020",,,,,"49","015",,,,,,,,,,,,,,,,,,,,,,,,,,,,,,,,,,,,,,,,,373,22,351,260,0,260,2332,2177,155,1883,1853,30,4153,3968,185,0,0,0,51,51,0,4,4,0,201,191,10
"49017","05000US49017","Garfield County, Utah","Garfield County, Utah","ut","050","00","ACSSF","0000021",,,,,"49","017",,,,,,,,,,,,,,,,,,,,,,,,,,,,,,,,,,,,,,,,,170,10,160,178,30,148,1274,1238,36,1045,974,71,2158,2051,107,8,8,0,109,109,0,7,7,0,181,134,47
"49019","05000US49019","Grand County, Utah","Grand County, Utah","ut","050","00","ACSSF","0000022",,,,,"49","019",,,,,,,,,,,,,,,,,,,,,,,,,,,,,,,,,,,,,,,,,208,0,208,251,44,207,2828,2633,195,2365,2226,139,5083,4749,334,5,5,0,51,51,0,12,12,0,557,557,0
"49021","05000US49021","Iron County, Utah","Iron County, Utah","ut","050","00","ACSSF","0000023",,,,,"49","021",,,,,,,,,,,,,,,,,,,,,,,,,,,,,,,,,,,,,,,,,1538,196,1342,2101,120,1981,12314,11408,906,10030,9552,478,20597,19385,1212,108,108,0,673,523,150,110,107,3,1778,1707,71
"49023","05000US49023","Juab County, Utah","Juab County, Utah","ut","050","00","ACSSF","0000024",,,,,"49","023",,,,,,,,,,,,,,,,,,,,,,,,,,,,,,,,,,,,,,,,,431,36,395,385,25,360,2715,2638,77,2025,1964,61,4465,4344,121,10,0,10,57,50,7,13,13,0,158,155,3
"49025","05000US49025","Kane County, Utah","Kane County, Utah","ut","050","00","ACSSF","0000025",,,,,"49","025",,,,,,,,,,,,,,,,,,,,,,,,,,,,,,,,,,,,,,,,,300,40,260,206,0,206,1655,1554,101,1628,1598,30,3019,2910,109,0,0,0,77,77,0,30,30,0,126,104,22
"49027","05000US49027","Millard County, Utah","Millard County, Utah","ut","050","00","ACSSF","0000026",,,,,"49","027",,,,,,,,,,,,,,,,,,,,,,,,,,,,,,,,,,,,,,,,,399,49,350,404,13,391,3250,3174,76,2461,2372,89,5030,4896,134,0,0,0,68,62,6,42,38,4,792,777,15
"49029","05000US49029","Morgan County, Utah","Morgan County, Utah","ut","050","00","ACSSF","0000027",,,,,"49","029",,,,,,,,,,,,,,,,,,,,,,,,,,,,,,,,,,,,,,,,,340,0,340,361,0,361,2905,2870,35,1960,1831,129,4753,4624,129,0,0,0,14,14,0,28,19,9,151,151,0
"49031","05000US49031","Piute County, Utah","Piute County, Utah","ut","050","00","ACSSF","0000028",,,,,"49","031",,,,,,,,,,,,,,,,,,,,,,,,,,,,,,,,,,,,,,,,,38,0,38,33,0,33,268,262,6,380,374,6,648,636,12,0,0,0,0,0,0,0,0,0,16,16,0
"49033","05000US49033","Rich County, Utah","Rich County, Utah","ut","050","00","ACSSF","0000029",,,,,"49","033",,,,,,,,,,,,,,,,,,,,,,,,,,,,,,,,,,,,,,,,,106,32,74,72,7,65,396,390,6,287,281,6,657,645,12,0,0,0,0,0,0,0,0,0,31,31,0
"49035","05000US49035","Salt Lake County, Utah","Salt Lake County, Utah","ut","050","00","ACSSF","0000030",,,,,"49","035",,,,,,,,,,,,,,,,,,,,,,,,,,,,,,,,,,,,,,,,,30687,2136,28551,29172,1253,27919,324737,310996,13741,265159,253693,11466,481667,462865,18802,9187,8494,693,4561,3915,646,24110,23314,796,97778,92460,5318
"49037","05000US49037","San Juan County, Utah","San Juan County, Utah","ut","050","00","ACSSF","0000031",,,,,"49","037",,,,,,,,,,,,,,,,,,,,,,,,,,,,,,,,,,,,,,,,,564,23,541,540,13,527,3047,2777,270,2680,2470,210,3323,3253,70,20,20,0,2226,1850,376,19,11,8,257,221,36
"49039","05000US49039","Sanpete County, Utah","Sanpete County, Utah","ut","050","00","ACSSF","0000032",,,,,"49","039",,,,,,,,,,,,,,,,,,,,,,,,,,,,,,,,,,,,,,,,,1318,59,1259,1328,14,1314,6265,5883,382,5312,4901,411,10879,10132,747,7,4,3,103,95,8,23,23,0,862,813,49
"49041","05000US49041","Sevier County, Utah","Sevier County, Utah","ut","050","00","ACSSF","0000033",,,,,"49","041",,,,,,,,,,,,,,,,,,,,,,,,,,,,,,,,,,,,,,,,,650,39,611,633,61,572,5128,4868,260,3937,3766,171,8739,8314,425,33,33,0,99,93,6,20,20,0,365,343,22
"49043","05000US49043","Summit County, Utah","Summit County, Utah","ut","050","00","ACSSF","0000034",,,,,"49","043",,,,,,,,,,,,,,,,,,,,,,,,,,,,,,,,,,,,,,,,,1148,23,1125,963,5,958,12355,12052,303,9867,9659,208,20979,20484,495,197,197,0,94,94,0,432,432,0,2154,2095,59
"49045","05000US49045","Tooele County, Utah","Tooele County, Utah","ut","050","00","ACSSF","0000035",,,,,"49","045",,,,,,,,,,,,,,,,,,,,,,,,,,,,,,,,,,,,,,,,,2140,173,1967,2155,159,1996,17175,15979,1196,13210,12427,783,27219,25622,1597,161,161,0,201,183,18,249,212,37,3483,3122,361
"49047","05000US49047","Uintah County, Utah","Uintah County, Utah","ut","050","00","ACSSF","0000036",,,,,"49","047",,,,,,,,,,,,,,,,,,,,,,,,,,,,,,,,,,,,,,,,,1222,93,1129,994,49,945,9216,8520,696,6947,6567,380,14749,13872,877,67,53,14,851,722,129,85,85,0,1186,1013,173
"49049","05000US49049","Utah County, Utah","Utah County, Utah","ut","050","00","ACSSF","0000037",,,,,"49","049",,,,,,,,,,,,,,,,,,,,,,,,,,,,,,,,,,,,,,,,,21179,677,20502,21594,451,21143,156202,149460,6742,113033,108219,4814,248772,238584,10188,1550,1463,87,1381,1226,155,4550,4198,352,30100,28759,1341
"49051","05000US49051","Wasatch County, Utah","Wasatch County, Utah","ut","050","00","ACSSF","0000038",,,,,"49","051",,,,,,,,,,,,,,,,,,,,,,,,,,,,,,,,,,,,,,,,,1024,39,985,867,21,846,8026,7853,173,6725,6544,181,14147,13793,354,20,20,0,5,5,0,252,252,0,1797,1744,53
"49053","05000US49053","Washington County, Utah","Washington County, Utah","ut","050","00","ACSSF","0000039",,,,,"49","053",,,,,,,,,,,,,,,,,,,,,,,,,,,,,,,,,,,,,,,,,4533,225,4308,4437,130,4307,36731,34937,1794,29667,27983,1684,59866,56986,2880,338,325,13,889,831,58,501,460,41,7352,6697,655
"49055","05000US49055","Wayne County, Utah","Wayne County, Utah","ut","050","00","ACSSF","0000040",,,,,"49","055",,,,,,,,,,,,,,,,,,,,,,,,,,,,,,,,,,,,,,,,,130,0,130,80,0,80,677,656,21,561,559,2,1187,1166,21,3,3,0,4,4,0,15,13,2,91,91,0
"49057","05000US49057","Weber County, Utah","Weber County, Utah","ut","050","00","ACSSF","0000041",,,,,"49","057",,,,,,,,,,,,,,,,,,,,,,,,,,,,,,,,,,,,,,,,,7230,376,6854,6793,253,6540,66166,62830,3336,54751,52316,2435,108505,103646,4859,1340,1219,121,857,739,118,1644,1554,90,20521,19368,1153
